22/BCS/MLS/001,promisenation84@gmail.com
22/BCS/MLS/002,promiseetok@gmail.com
22/BCS/MLS/003,student3@gmail.com
22/BCS/MLS/004,promiseetok@gmail.com
22/BCS/MLS/005,promiseetok@gmail.com
22/BCS/MLS/006,promisenation84@gmail.com
22/BCS/MLS/007,promiseetok@gmail.com
22/BCS/MLS/008,student3@gmail.com
22/BCS/MLS/009,promiseetok@gmail.com
22/BCS/MLS/010,promiseetok@gmail.com
22/BCS/MLS/011,promisenation84@gmail.com
22/BCS/MLS/012,promiseetok@gmail.com
22/BCS/MLS/013,student3@gmail.com
22/BCS/MLS/014,promiseetok@gmail.com
22/BCS/MLS/015,promiseetok@gmail.com
22/BCS/MLS/016,promisenation84@gmail.com
22/BCS/MLS/017,promiseetok@gmail.com
22/BCS/MLS/018,student3@gmail.com
22/BCS/MLS/019,promiseetok@gmail.com
22/BCS/MLS/020,promiseetok@gmail.com
22/BCS/MLS/021,promisenation84@gmail.com
22/BCS/MLS/022,promiseetok@gmail.com
22/BCS/MLS/023,student3@gmail.com
22/BCS/MLS/024,promiseetok@gmail.com
22/BCS/MLS/025,promiseetok@gmail.com
22/BCS/MLS/026,promisenation84@gmail.com
22/BCS/MLS/027,promiseetok@gmail.com
22/BCS/MLS/028,student3@gmail.com
22/BCS/MLS/029,promiseetok@gmail.com
22/BCS/MLS/030,promiseetok@gmail.com
22/BCS/MLS/031,promisenation84@gmail.com
22/BCS/MLS/032,promiseetok@gmail.com
22/BCS/MLS/033,student3@gmail.com
22/BCS/MLS/034,promiseetok@gmail.com
22/BCS/MLS/035,promiseetok@gmail.com
22/BCS/MLS/036,promisenation84@gmail.com
22/BCS/MLS/037,promiseetok@gmail.com
22/BCS/MLS/038,student3@gmail.com
22/BCS/MLS/039,promiseetok@gmail.com
22/BCS/MLS/040,promiseetok@gmail.com
22/BCS/MLS/041,promisenation84@gmail.com
22/BCS/MLS/042,promiseetok@gmail.com
22/BCS/MLS/043,student3@gmail.com
22/BCS/MLS/044,promiseetok@gmail.com
22/BCS/MLS/045,promiseetok@gmail.com
22/BCS/MLS/046,promisenation84@gmail.com
22/BCS/MLS/047,promiseetok@gmail.com
22/BCS/MLS/048,student3@gmail.com
22/BCS/MLS/049,promiseetok@gmail.com
22/BCS/MLS/050,promiseetok@gmail.com
22/BCS/MLS/051,promisenation84@gmail.com
22/BCS/MLS/052,promiseetok@gmail.com
22/BCS/MLS/053,student3@gmail.com
22/BCS/MLS/054,promiseetok@gmail.com
22/BCS/MLS/055,promiseetok@gmail.com
22/BCS/MLS/056,promisenation84@gmail.com
22/BCS/MLS/057,promiseetok@gmail.com
22/BCS/MLS/058,student3@gmail.com
22/BCS/MLS/059,promiseetok@gmail.com
22/BCS/MLS/060,promiseetok@gmail.com
22/BCS/MLS/061,promisenation84@gmail.com
22/BCS/MLS/062,promiseetok@gmail.com
22/BCS/MLS/063,student3@gmail.com
22/BCS/MLS/064,promiseetok@gmail.com
22/BCS/MLS/065,promiseetok@gmail.com
22/BCS/MLS/066,promisenation84@gmail.com
22/BCS/MLS/067,promiseetok@gmail.com
22/BCS/MLS/068,student3@gmail.com
22/BCS/MLS/069,promiseetok@gmail.com
22/BCS/MLS/070,promiseetok@gmail.com
22/BCS/MLS/071,promisenation84@gmail.com
22/BCS/MLS/072,promiseetok@gmail.com
22/BCS/MLS/073,student3@gmail.com
22/BCS/MLS/074,promiseetok@gmail.com
22/BCS/MLS/075,promiseetok@gmail.com
22/BCS/MLS/076,promisenation84@gmail.com
22/BCS/MLS/077,promiseetok@gmail.com
22/BCS/MLS/078,student3@gmail.com
22/BCS/MLS/079,promiseetok@gmail.com
22/BCS/MLS/080,promiseetok@gmail.com
22/BCS/MLS/081,promisenation84@gmail.com
22/BCS/MLS/082,promiseetok@gmail.com
22/BCS/MLS/083,student3@gmail.com
22/BCS/MLS/084,promiseetok@gmail.com
22/BCS/MLS/085,promiseetok@gmail.com
22/BCS/MLS/086,promisenation84@gmail.com
22/BCS/MLS/087,promiseetok@gmail.com
22/BCS/MLS/088,student3@gmail.com
22/BCS/MLS/089,promiseetok@gmail.com
22/BCS/MLS/090,promiseetok@gmail.com
22/BCS/MLS/091,promisenation84@gmail.com
22/BCS/MLS/092,promiseetok@gmail.com
22/BCS/MLS/093,student3@gmail.com
22/BCS/MLS/094,promiseetok@gmail.com
22/BCS/MLS/095,promiseetok@gmail.com
22/BCS/MLS/096,promisenation84@gmail.com
22/BCS/MLS/097,promiseetok@gmail.com
22/BCS/MLS/098,student3@gmail.com
22/BCS/MLS/099,promiseetok@gmail.com
22/BCS/MLS/100,promiseetok@gmail.com
22/BCS/MLS/101,promisenation84@gmail.com
22/BCS/MLS/102,promiseetok@gmail.com
22/BCS/MLS/103,student3@gmail.com
22/BCS/MLS/104,promiseetok@gmail.com
22/BCS/MLS/105,promiseetok@gmail.com
22/BCS/MLS/106,promisenation84@gmail.com
22/BCS/MLS/107,promiseetok@gmail.com
22/BCS/MLS/108,student3@gmail.com
22/BCS/MLS/109,promiseetok@gmail.com
22/BCS/MLS/110,promiseetok@gmail.com
22/BCS/MLS/111,promisenation84@gmail.com
22/BCS/MLS/112,promiseetok@gmail.com
22/BCS/MLS/113,student3@gmail.com
22/BCS/MLS/114,promiseetok@gmail.com
22/BCS/MLS/115,promiseetok@gmail.com
22/BCS/MLS/116,promisenation84@gmail.com
22/BCS/MLS/117,promiseetok@gmail.com
22/BCS/MLS/118,student3@gmail.com
22/BCS/MLS/119,promiseetok@gmail.com
22/BCS/MLS/120,promiseetok@gmail.com
22/BCS/MLS/121,promisenation84@gmail.com
22/BCS/MLS/122,promiseetok@gmail.com
22/BCS/MLS/123,student3@gmail.com
22/BCS/MLS/124,promiseetok@gmail.com
22/BCS/MLS/125,promiseetok@gmail.com
22/BCS/MLS/126,promisenation84@gmail.com
22/BCS/MLS/127,promiseetok@gmail.com
22/BCS/MLS/128,student3@gmail.com
22/BCS/MLS/129,promiseetok@gmail.com
22/BCS/MLS/130,promiseetok@gmail.com
22/BCS/MLS/131,promisenation84@gmail.com
22/BCS/MLS/132,promiseetok@gmail.com
22/BCS/MLS/133,student3@gmail.com
22/BCS/MLS/134,promiseetok@gmail.com
22/BCS/MLS/135,promiseetok@gmail.com
22/BCS/MLS/136,promisenation84@gmail.com
22/BCS/MLS/137,promiseetok@gmail.com
22/BCS/MLS/138,student3@gmail.com
22/BCS/MLS/139,promiseetok@gmail.com
22/BCS/MLS/140,promiseetok@gmail.com
22/BCS/MLS/141,promisenation84@gmail.com
22/BCS/MLS/142,promiseetok@gmail.com
22/BCS/MLS/143,student3@gmail.com
22/BCS/MLS/144,promiseetok@gmail.com
22/BCS/MLS/145,promiseetok@gmail.com
22/BCS/MLS/146,promisenation84@gmail.com
22/BCS/MLS/147,promiseetok@gmail.com
22/BCS/MLS/148,student3@gmail.com
22/BCS/MLS/149,promiseetok@gmail.com
22/BCS/MLS/150,promiseetok@gmail.com
22/BCS/MLS/151,promisenation84@gmail.com
22/BCS/MLS/152,promiseetok@gmail.com
22/BCS/MLS/153,student3@gmail.com
22/BCS/MLS/154,promiseetok@gmail.com
22/BCS/MLS/155,promiseetok@gmail.com
22/BCS/MLS/156,promisenation84@gmail.com
22/BCS/MLS/157,promiseetok@gmail.com
22/BCS/MLS/158,student3@gmail.com
22/BCS/MLS/159,promiseetok@gmail.com
22/BCS/MLS/160,promiseetok@gmail.com
22/BCS/MLS/161,promisenation84@gmail.com
22/BCS/MLS/162,promiseetok@gmail.com
22/BCS/MLS/163,student3@gmail.com
22/BCS/MLS/164,promiseetok@gmail.com
22/BCS/MLS/165,promiseetok@gmail.com
22/BCS/MLS/166,promisenation84@gmail.com
22/BCS/MLS/167,promiseetok@gmail.com
22/BCS/MLS/168,student3@gmail.com
22/BCS/MLS/169,promiseetok@gmail.com
22/BCS/MLS/170,promiseetok@gmail.com
22/BCS/MLS/171,promisenation84@gmail.com
22/BCS/MLS/172,promiseetok@gmail.com
22/BCS/MLS/173,student3@gmail.com
22/BCS/MLS/174,promiseetok@gmail.com
22/BCS/MLS/175,promiseetok@gmail.com
22/BCS/MLS/176,promisenation84@gmail.com
22/BCS/MLS/177,promiseetok@gmail.com
22/BCS/MLS/178,student3@gmail.com
22/BCS/MLS/179,promiseetok@gmail.com
22/BCS/MLS/180,promiseetok@gmail.com
22/BCS/MLS/181,promisenation84@gmail.com
22/BCS/MLS/182,promiseetok@gmail.com
22/BCS/MLS/183,student3@gmail.com
22/BCS/MLS/184,promiseetok@gmail.com
22/BCS/MLS/185,promiseetok@gmail.com
22/BCS/MLS/186,promisenation84@gmail.com
22/BCS/MLS/187,promiseetok@gmail.com
22/BCS/MLS/188,student3@gmail.com
22/BCS/MLS/189,promiseetok@gmail.com
22/BCS/MLS/190,promiseetok@gmail.com
22/BCS/MLS/191,promisenation84@gmail.com
22/BCS/MLS/192,promiseetok@gmail.com
22/BCS/MLS/193,student3@gmail.com
22/BCS/MLS/194,promiseetok@gmail.com
22/BCS/MLS/195,promiseetok@gmail.com
22/BCS/MLS/196,promisenation84@gmail.com
22/BCS/MLS/197,promiseetok@gmail.com
22/BCS/MLS/198,student3@gmail.com
22/BCS/MLS/199,promiseetok@gmail.com
22/BCS/MLS/200,promiseetok@gmail.com
22/BCS/MLS/201,promisenation84@gmail.com
22/BCS/MLS/202,promiseetok@gmail.com
22/BCS/MLS/203,student3@gmail.com
22/BCS/MLS/204,promiseetok@gmail.com
22/BCS/MLS/205,promiseetok@gmail.com
22/BCS/MLS/206,promisenation84@gmail.com
22/BCS/MLS/207,promiseetok@gmail.com
22/BCS/MLS/208,student3@gmail.com
22/BCS/MLS/209,promiseetok@gmail.com
22/BCS/MLS/210,promiseetok@gmail.com
22/BCS/MLS/211,promisenation84@gmail.com
22/BCS/MLS/212,promiseetok@gmail.com
22/BCS/MLS/213,student3@gmail.com
22/BCS/MLS/214,promiseetok@gmail.com
22/BCS/MLS/215,promiseetok@gmail.com
22/BCS/MLS/216,promisenation84@gmail.com
22/BCS/MLS/217,promiseetok@gmail.com
22/BCS/MLS/218,student3@gmail.com
22/BCS/MLS/219,promiseetok@gmail.com
22/BCS/MLS/220,promiseetok@gmail.com
22/BCS/MLS/221,promisenation84@gmail.com
22/BCS/MLS/222,promiseetok@gmail.com
22/BCS/MLS/223,student3@gmail.com
22/BCS/MLS/224,promiseetok@gmail.com
22/BCS/MLS/225,promiseetok@gmail.com
22/BCS/MLS/226,promisenation84@gmail.com
22/BCS/MLS/227,promiseetok@gmail.com
22/BCS/MLS/228,student3@gmail.com
22/BCS/MLS/229,promiseetok@gmail.com
22/BCS/MLS/230,promiseetok@gmail.com
22/BCS/MLS/231,promisenation84@gmail.com
22/BCS/MLS/232,promiseetok@gmail.com
22/BCS/MLS/233,student3@gmail.com
22/BCS/MLS/234,promiseetok@gmail.com
22/BCS/MLS/235,promiseetok@gmail.com
22/BCS/MLS/236,promisenation84@gmail.com
22/BCS/MLS/237,promiseetok@gmail.com
22/BCS/MLS/238,student3@gmail.com
22/BCS/MLS/239,promiseetok@gmail.com
22/BCS/MLS/240,promiseetok@gmail.com
22/BCS/MLS/241,promisenation84@gmail.com
22/BCS/MLS/242,promiseetok@gmail.com
22/BCS/MLS/243,student3@gmail.com
22/BCS/MLS/244,promiseetok@gmail.com
22/BCS/MLS/245,promiseetok@gmail.com
22/BCS/MLS/246,promisenation84@gmail.com
22/BCS/MLS/247,promiseetok@gmail.com
22/BCS/MLS/248,student3@gmail.com
22/BCS/MLS/249,promiseetok@gmail.com
22/BCS/MLS/250,promiseetok@gmail.com
22/BCS/MLS/251,promisenation84@gmail.com
22/BCS/MLS/252,promiseetok@gmail.com
22/BCS/MLS/253,student3@gmail.com
22/BCS/MLS/254,promiseetok@gmail.com
22/BCS/MLS/255,promiseetok@gmail.com
22/BCS/MLS/256,promisenation84@gmail.com
22/BCS/MLS/257,promiseetok@gmail.com
22/BCS/MLS/258,student3@gmail.com
22/BCS/MLS/259,promiseetok@gmail.com
22/BCS/MLS/260,promiseetok@gmail.com
22/BCS/MLS/261,promisenation84@gmail.com
22/BCS/MLS/262,promiseetok@gmail.com
22/BCS/MLS/263,student3@gmail.com
22/BCS/MLS/264,promiseetok@gmail.com
22/BCS/MLS/265,promiseetok@gmail.com
22/BCS/MLS/266,promisenation84@gmail.com
22/BCS/MLS/267,promiseetok@gmail.com
22/BCS/MLS/268,student3@gmail.com
22/BCS/MLS/269,promiseetok@gmail.com
22/BCS/MLS/270,promiseetok@gmail.com
22/BCS/MLS/271,promisenation84@gmail.com
22/BCS/MLS/272,promiseetok@gmail.com
22/BCS/MLS/273,student3@gmail.com
22/BCS/MLS/274,promiseetok@gmail.com
22/BCS/MLS/275,promiseetok@gmail.com
22/BCS/MLS/276,promisenation84@gmail.com
22/BCS/MLS/277,promiseetok@gmail.com
22/BCS/MLS/278,student3@gmail.com
22/BCS/MLS/279,promiseetok@gmail.com
22/BCS/MLS/280,promiseetok@gmail.com
22/BCS/MLS/281,promisenation84@gmail.com
22/BCS/MLS/282,promiseetok@gmail.com
22/BCS/MLS/283,student3@gmail.com
22/BCS/MLS/284,promiseetok@gmail.com
22/BCS/MLS/285,promiseetok@gmail.com
22/BCS/MLS/286,promisenation84@gmail.com
22/BCS/MLS/287,promiseetok@gmail.com
22/BCS/MLS/288,student3@gmail.com
22/BCS/MLS/289,promiseetok@gmail.com
22/BCS/MLS/290,promiseetok@gmail.com
22/BCS/MLS/291,promisenation84@gmail.com
22/BCS/MLS/292,promiseetok@gmail.com
22/BCS/MLS/293,student3@gmail.com
22/BCS/MLS/294,promiseetok@gmail.com
22/BCS/MLS/295,promiseetok@gmail.com
22/BCS/MLS/296,promisenation84@gmail.com
22/BCS/MLS/297,promiseetok@gmail.com
22/BCS/MLS/298,student3@gmail.com
22/BCS/MLS/299,promiseetok@gmail.com
22/BCS/MLS/300,promiseetok@gmail.com
22/BCS/MLS/301,promisenation84@gmail.com
22/BCS/MLS/302,promiseetok@gmail.com
22/BCS/MLS/303,student3@gmail.com
22/BCS/MLS/304,promiseetok@gmail.com
22/BCS/MLS/305,promiseetok@gmail.com
22/BCS/MLS/306,promisenation84@gmail.com
22/BCS/MLS/307,promiseetok@gmail.com
22/BCS/MLS/308,student3@gmail.com
22/BCS/MLS/309,promiseetok@gmail.com
22/BCS/MLS/310,promiseetok@gmail.com
22/BCS/MLS/311,promisenation84@gmail.com
22/BCS/MLS/312,promiseetok@gmail.com
22/BCS/MLS/313,student3@gmail.com
22/BCS/MLS/314,promiseetok@gmail.com
22/BCS/MLS/315,promiseetok@gmail.com
22/BCS/MLS/316,promisenation84@gmail.com
22/BCS/MLS/317,promiseetok@gmail.com
22/BCS/MLS/318,student3@gmail.com
22/BCS/MLS/319,promiseetok@gmail.com
22/BCS/MLS/320,promiseetok@gmail.com
22/BCS/MLS/321,promisenation84@gmail.com
22/BCS/MLS/322,promiseetok@gmail.com
22/BCS/MLS/323,student3@gmail.com
22/BCS/MLS/324,promiseetok@gmail.com
22/BCS/MLS/325,promiseetok@gmail.com
22/BCS/MLS/326,promisenation84@gmail.com
22/BCS/MLS/327,promiseetok@gmail.com
22/BCS/MLS/328,student3@gmail.com
22/BCS/MLS/329,promiseetok@gmail.com
22/BCS/MLS/330,promiseetok@gmail.com
22/BCS/MLS/331,promisenation84@gmail.com
22/BCS/MLS/332,promiseetok@gmail.com
22/BCS/MLS/333,student3@gmail.com
22/BCS/MLS/334,promiseetok@gmail.com
22/BCS/MLS/335,promiseetok@gmail.com
22/BCS/MLS/336,promisenation84@gmail.com
22/BCS/MLS/337,promiseetok@gmail.com
22/BCS/MLS/338,student3@gmail.com
22/BCS/MLS/339,promiseetok@gmail.com
22/BCS/MLS/340,promiseetok@gmail.com
22/BCS/MLS/341,promisenation84@gmail.com
22/BCS/MLS/342,promiseetok@gmail.com
22/BCS/MLS/343,student3@gmail.com
22/BCS/MLS/344,promiseetok@gmail.com
22/BCS/MLS/345,promiseetok@gmail.com
22/BCS/MLS/346,promisenation84@gmail.com
22/BCS/MLS/347,promiseetok@gmail.com
22/BCS/MLS/348,student3@gmail.com
22/BCS/MLS/349,promiseetok@gmail.com
22/BCS/MLS/350,promiseetok@gmail.com
22/BCS/MLS/351,promisenation84@gmail.com
22/BCS/MLS/352,promiseetok@gmail.com
22/BCS/MLS/353,student3@gmail.com
22/BCS/MLS/354,promiseetok@gmail.com
22/BCS/MLS/355,promiseetok@gmail.com
22/BCS/MLS/356,promisenation84@gmail.com
22/BCS/MLS/357,promiseetok@gmail.com
22/BCS/MLS/358,student3@gmail.com
22/BCS/MLS/359,promiseetok@gmail.com
22/BCS/MLS/360,promiseetok@gmail.com
22/BCS/MLS/361,promisenation84@gmail.com
22/BCS/MLS/362,promiseetok@gmail.com
22/BCS/MLS/363,student3@gmail.com
22/BCS/MLS/364,promiseetok@gmail.com
22/BCS/MLS/365,promiseetok@gmail.com
22/BCS/MLS/366,promisenation84@gmail.com
22/BCS/MLS/367,promiseetok@gmail.com
22/BCS/MLS/368,student3@gmail.com
22/BCS/MLS/369,promiseetok@gmail.com
22/BCS/MLS/370,promiseetok@gmail.com
22/BCS/MLS/371,promisenation84@gmail.com
22/BCS/MLS/372,promiseetok@gmail.com
22/BCS/MLS/373,student3@gmail.com
22/BCS/MLS/374,promiseetok@gmail.com
22/BCS/MLS/375,promiseetok@gmail.com
22/BCS/MLS/376,promisenation84@gmail.com
22/BCS/MLS/377,promiseetok@gmail.com
22/BCS/MLS/378,student3@gmail.com
22/BCS/MLS/379,promiseetok@gmail.com
22/BCS/MLS/380,promiseetok@gmail.com
22/BCS/MLS/381,promisenation84@gmail.com
22/BCS/MLS/382,promiseetok@gmail.com
22/BCS/MLS/383,student3@gmail.com
22/BCS/MLS/384,promiseetok@gmail.com
22/BCS/MLS/385,promiseetok@gmail.com
22/BCS/MLS/386,promisenation84@gmail.com
22/BCS/MLS/387,promiseetok@gmail.com
22/BCS/MLS/388,student3@gmail.com
22/BCS/MLS/389,promiseetok@gmail.com
22/BCS/MLS/390,promiseetok@gmail.com
22/BCS/MLS/391,promisenation84@gmail.com
22/BCS/MLS/392,promiseetok@gmail.com
22/BCS/MLS/393,student3@gmail.com
22/BCS/MLS/394,promiseetok@gmail.com
22/BCS/MLS/395,promiseetok@gmail.com
22/BCS/MLS/396,promisenation84@gmail.com
22/BCS/MLS/397,promiseetok@gmail.com
22/BCS/MLS/398,student3@gmail.com
22/BCS/MLS/399,promiseetok@gmail.com
22/BCS/MLS/400,promiseetok@gmail.com
22/BCS/MLS/401,promisenation84@gmail.com
22/BCS/MLS/402,promiseetok@gmail.com
22/BCS/MLS/403,student3@gmail.com
22/BCS/MLS/404,promiseetok@gmail.com
22/BCS/MLS/405,promiseetok@gmail.com
22/BCS/MLS/406,promisenation84@gmail.com
22/BCS/MLS/407,promiseetok@gmail.com
22/BCS/MLS/408,student3@gmail.com
22/BCS/MLS/409,promiseetok@gmail.com
22/BCS/MLS/410,promiseetok@gmail.com
22/BCS/MLS/411,promisenation84@gmail.com
22/BCS/MLS/412,promiseetok@gmail.com
22/BCS/MLS/413,student3@gmail.com
22/BCS/MLS/414,promiseetok@gmail.com
22/BCS/MLS/415,promiseetok@gmail.com
22/BCS/MLS/416,promisenation84@gmail.com
22/BCS/MLS/417,promiseetok@gmail.com
22/BCS/MLS/418,student3@gmail.com
22/BCS/MLS/419,promiseetok@gmail.com
22/BCS/MLS/420,promiseetok@gmail.com
22/BCS/MLS/421,promisenation84@gmail.com
22/BCS/MLS/422,promiseetok@gmail.com
22/BCS/MLS/423,student3@gmail.com
22/BCS/MLS/424,promiseetok@gmail.com
22/BCS/MLS/425,promiseetok@gmail.com
22/BCS/MLS/426,promisenation84@gmail.com
22/BCS/MLS/427,promiseetok@gmail.com
22/BCS/MLS/428,student3@gmail.com
22/BCS/MLS/429,promiseetok@gmail.com
22/BCS/MLS/430,promiseetok@gmail.com
22/BCS/MLS/431,promisenation84@gmail.com
22/BCS/MLS/432,promiseetok@gmail.com
22/BCS/MLS/433,student3@gmail.com
22/BCS/MLS/434,promiseetok@gmail.com
22/BCS/MLS/435,promiseetok@gmail.com
22/BCS/MLS/436,promisenation84@gmail.com
22/BCS/MLS/437,promiseetok@gmail.com
22/BCS/MLS/438,student3@gmail.com
22/BCS/MLS/439,promiseetok@gmail.com
22/BCS/MLS/440,promiseetok@gmail.com
22/BCS/MLS/441,promisenation84@gmail.com
22/BCS/MLS/442,promiseetok@gmail.com
22/BCS/MLS/443,student3@gmail.com
22/BCS/MLS/444,promiseetok@gmail.com
22/BCS/MLS/445,promiseetok@gmail.com
22/BCS/MLS/446,promisenation84@gmail.com
22/BCS/MLS/447,promiseetok@gmail.com
22/BCS/MLS/448,student3@gmail.com
22/BCS/MLS/449,promiseetok@gmail.com
22/BCS/MLS/450,promiseetok@gmail.com
22/BCS/MLS/451,promisenation84@gmail.com
22/BCS/MLS/452,promiseetok@gmail.com
22/BCS/MLS/453,student3@gmail.com
22/BCS/MLS/454,promiseetok@gmail.com
22/BCS/MLS/455,promiseetok@gmail.com
22/BCS/MLS/456,promisenation84@gmail.com
22/BCS/MLS/457,promiseetok@gmail.com
22/BCS/MLS/458,student3@gmail.com
22/BCS/MLS/459,promiseetok@gmail.com
22/BCS/MLS/460,promiseetok@gmail.com
22/BCS/MLS/461,promisenation84@gmail.com
22/BCS/MLS/462,promiseetok@gmail.com
22/BCS/MLS/463,student3@gmail.com
22/BCS/MLS/464,promiseetok@gmail.com
22/BCS/MLS/465,promiseetok@gmail.com
22/BCS/MLS/466,promisenation84@gmail.com
22/BCS/MLS/467,promiseetok@gmail.com
22/BCS/MLS/468,student3@gmail.com
22/BCS/MLS/469,promiseetok@gmail.com
22/BCS/MLS/470,promiseetok@gmail.com
22/BCS/MLS/471,promisenation84@gmail.com
22/BCS/MLS/472,promiseetok@gmail.com
22/BCS/MLS/473,student3@gmail.com
22/BCS/MLS/474,promiseetok@gmail.com
22/BCS/MLS/475,promiseetok@gmail.com
22/BCS/MLS/476,promisenation84@gmail.com
22/BCS/MLS/477,promiseetok@gmail.com
22/BCS/MLS/478,student3@gmail.com
22/BCS/MLS/479,promiseetok@gmail.com
22/BCS/MLS/480,promiseetok@gmail.com
22/BCS/MLS/481,promisenation84@gmail.com
22/BCS/MLS/482,promiseetok@gmail.com
22/BCS/MLS/483,student3@gmail.com
22/BCS/MLS/484,promiseetok@gmail.com
22/BCS/MLS/485,promiseetok@gmail.com
22/BCS/MLS/486,promisenation84@gmail.com
22/BCS/MLS/487,promiseetok@gmail.com
22/BCS/MLS/488,student3@gmail.com
22/BCS/MLS/489,promiseetok@gmail.com
22/BCS/MLS/490,promiseetok@gmail.com
22/BCS/MLS/491,promisenation84@gmail.com
22/BCS/MLS/492,promiseetok@gmail.com
22/BCS/MLS/493,student3@gmail.com
22/BCS/MLS/494,promiseetok@gmail.com
22/BCS/MLS/495,promiseetok@gmail.com
22/BCS/MLS/496,promisenation84@gmail.com
22/BCS/MLS/497,promiseetok@gmail.com
22/BCS/MLS/498,student3@gmail.com
22/BCS/MLS/499,promiseetok@gmail.com
22/BCS/MLS/500,promiseetok@gmail.com
